{
"apiVersion": "V2",
"assemblies": [
{
  "files": [
    {
      "filePath": "data_summary.tsv",
      "fileType": "DATA_TABLE",
      "uncompressedLengthBytes": "3940"
    },
    {
      "filePath": "assembly_data_report.jsonl",
      "fileType": "DATA_REPORT",
      "uncompressedLengthBytes": "67172"
    }
  ]
},{
  "accession": "GCA_000027325.1",
  "files": [
    {
      "filePath": "GCA_000027325.1/GCA_000027325.1_ASM2732v1_genomic.fna",
      "fileType": "GENOMIC_NUCLEOTIDE_FASTA",
      "uncompressedLengthBytes": "587380"
    }
  ]
},{
  "accession": "GCA_000167595.1",
  "files": [
    {
      "filePath": "GCA_000167595.1/GCA_000167595.1_ASM16759v1_genomic.fna",
      "fileType": "GENOMIC_NUCLEOTIDE_FASTA",
      "uncompressedLengthBytes": "569515"
    }
  ]
},{
  "accession": "GCA_000292405.1",
  "files": [
    {
      "filePath": "GCA_000292405.1/GCA_000292405.1_ASM29240v1_genomic.fna",
      "fileType": "GENOMIC_NUCLEOTIDE_FASTA",
      "uncompressedLengthBytes": "587284"
    }
  ]
},{
  "accession": "GCA_000292445.1",
  "files": [
    {
      "filePath": "GCA_000292445.1/GCA_000292445.1_ASM29244v1_genomic.fna",
      "fileType": "GENOMIC_NUCLEOTIDE_FASTA",
      "uncompressedLengthBytes": "586805"
    }
  ]
},{
  "accession": "GCA_000292485.1",
  "files": [
    {
      "filePath": "GCA_000292485.1/GCA_000292485.1_ASM29248v1_genomic.fna",
      "fileType": "GENOMIC_NUCLEOTIDE_FASTA",
      "uncompressedLengthBytes": "587101"
    }
  ]
},{
  "accession": "GCA_000292505.1",
  "files": [
    {
      "filePath": "GCA_000292505.1/GCA_000292505.1_ASM29250v1_genomic.fna",
      "fileType": "GENOMIC_NUCLEOTIDE_FASTA",
      "uncompressedLengthBytes": "586860"
    }
  ]
},{
  "accession": "GCA_036689675.1",
  "files": [
    {
      "filePath": "GCA_036689675.1/GCA_036689675.1_ASM3668967v1_genomic.fna",
      "fileType": "GENOMIC_NUCLEOTIDE_FASTA",
      "uncompressedLengthBytes": "586555"
    }
  ]
},{
  "accession": "GCA_036689695.1",
  "files": [
    {
      "filePath": "GCA_036689695.1/GCA_036689695.1_ASM3668969v1_genomic.fna",
      "fileType": "GENOMIC_NUCLEOTIDE_FASTA",
      "uncompressedLengthBytes": "587144"
    }
  ]
},{
  "accession": "GCA_036689745.1",
  "files": [
    {
      "filePath": "GCA_036689745.1/GCA_036689745.1_ASM3668974v1_genomic.fna",
      "fileType": "GENOMIC_NUCLEOTIDE_FASTA",
      "uncompressedLengthBytes": "580932"
    }
  ]
},{
  "accession": "GCA_040556925.1",
  "files": [
    {
      "filePath": "GCA_040556925.1/GCA_040556925.1_ASM4055692v1_genomic.fna",
      "fileType": "GENOMIC_NUCLEOTIDE_FASTA",
      "uncompressedLengthBytes": "587404"
    }
  ]
},{
  "accession": "GCF_000027325.1",
  "files": [
    {
      "filePath": "GCF_000027325.1/GCF_000027325.1_ASM2732v1_genomic.fna",
      "fileType": "GENOMIC_NUCLEOTIDE_FASTA",
      "uncompressedLengthBytes": "587389"
    }
  ]
},{
  "accession": "GCF_000167595.1",
  "files": [
    {
      "filePath": "GCF_000167595.1/GCF_000167595.1_ASM16759v1_genomic.fna",
      "fileType": "GENOMIC_NUCLEOTIDE_FASTA",
      "uncompressedLengthBytes": "569590"
    }
  ]
},{
  "accession": "GCF_000292405.1",
  "files": [
    {
      "filePath": "GCF_000292405.1/GCF_000292405.1_ASM29240v1_genomic.fna",
      "fileType": "GENOMIC_NUCLEOTIDE_FASTA",
      "uncompressedLengthBytes": "587291"
    }
  ]
},{
  "accession": "GCF_000292445.1",
  "files": [
    {
      "filePath": "GCF_000292445.1/GCF_000292445.1_ASM29244v1_genomic.fna",
      "fileType": "GENOMIC_NUCLEOTIDE_FASTA",
      "uncompressedLengthBytes": "586812"
    }
  ]
},{
  "accession": "GCF_000292485.1",
  "files": [
    {
      "filePath": "GCF_000292485.1/GCF_000292485.1_ASM29248v1_genomic.fna",
      "fileType": "GENOMIC_NUCLEOTIDE_FASTA",
      "uncompressedLengthBytes": "587108"
    }
  ]
},{
  "accession": "GCF_000292505.1",
  "files": [
    {
      "filePath": "GCF_000292505.1/GCF_000292505.1_ASM29250v1_genomic.fna",
      "fileType": "GENOMIC_NUCLEOTIDE_FASTA",
      "uncompressedLengthBytes": "586867"
    }
  ]
},{
  "accession": "GCF_036689675.1",
  "files": [
    {
      "filePath": "GCF_036689675.1/GCF_036689675.1_ASM3668967v1_genomic.fna",
      "fileType": "GENOMIC_NUCLEOTIDE_FASTA",
      "uncompressedLengthBytes": "586564"
    }
  ]
},{
  "accession": "GCF_036689695.1",
  "files": [
    {
      "filePath": "GCF_036689695.1/GCF_036689695.1_ASM3668969v1_genomic.fna",
      "fileType": "GENOMIC_NUCLEOTIDE_FASTA",
      "uncompressedLengthBytes": "587156"
    }
  ]
},{
  "accession": "GCF_036689745.1",
  "files": [
    {
      "filePath": "GCF_036689745.1/GCF_036689745.1_ASM3668974v1_genomic.fna",
      "fileType": "GENOMIC_NUCLEOTIDE_FASTA",
      "uncompressedLengthBytes": "580953"
    }
  ]
},{
  "accession": "GCF_040556925.1",
  "files": [
    {
      "filePath": "GCF_040556925.1/GCF_040556925.1_ASM4055692v1_genomic.fna",
      "fileType": "GENOMIC_NUCLEOTIDE_FASTA",
      "uncompressedLengthBytes": "587407"
    }
  ]
}]}
