Organism Scientific Name	Organism Common Name	Organism Qualifier	Taxonomy id	Assembly Name	Assembly Accession	Source	Annotation	Level	Contig N50	Size	Submission Date	Gene Count	BioProject	BioSample
Mycoplasmoides genitalium G37		strain: G-37	243273	ASM2732v1	GCA_000027325.1	GenBank	Annotation submitted by TIGR	Complete Genome	580076	580076	2006-01-09	525	PRJNA97	SAMN02603983
Mycoplasmoides genitalium G37		strain: G-37	243273	ASM16759v1	GCA_000167595.1	GenBank		Contig	39288	560035	2005-06-01		PRJNA13924	SAMN02363424
Mycoplasmoides genitalium M2321		strain: M2321	663918	ASM29240v1	GCA_000292405.1	GenBank	Annotation submitted by Louisiana State University Health Sciences Center	Complete Genome	579977	579977	2012-08-21	538	PRJNA39739	SAMN02603571
Mycoplasmoides genitalium M6282		strain: M6282	662946	ASM29244v1	GCA_000292445.1	GenBank	Annotation submitted by LSU Health Sciences Center	Complete Genome	579504	579504	2012-08-21	523	PRJNA39705	SAMN02603573
Mycoplasmoides genitalium M6320		strain: M6320	662945	ASM29248v1	GCA_000292485.1	GenBank	Annotation submitted by LSU Health Sciences Center	Complete Genome	579796	579796	2012-08-21	548	PRJNA39703	SAMN02603572
Mycoplasmoides genitalium M2288		strain: M2288	662947	ASM29250v1	GCA_000292505.1	GenBank	Annotation submitted by LSU Health Sciences Center	Complete Genome	579558	579558	2012-08-21	545	PRJNA39707	SAMN02603574
Mycoplasmoides genitalium		strain: G37	2097	ASM3668967v1	GCA_036689675.1	GenBank	NCBI Prokaryotic Genome Annotation Pipeline (PGAP)	Contig	358733	578989	2024-02-18	571	PRJNA1073883	SAMN39842856
Mycoplasmoides genitalium		strain: 85276	2097	ASM3668969v1	GCA_036689695.1	GenBank	NCBI Prokaryotic Genome Annotation Pipeline (PGAP)	Contig	320079	579483	2024-02-18	574	PRJNA1073883	SAMN39844796
Mycoplasmoides genitalium		strain: 84535	2097	ASM3668974v1	GCA_036689745.1	GenBank	NCBI Prokaryotic Genome Annotation Pipeline (PGAP)	Contig	366385	573037	2024-02-18	576	PRJNA1073883	SAMN39844795
Mycoplasmoides genitalium		strain: G37	2097	ASM4055692v1	GCA_040556925.1	GenBank		Complete Genome	580076	580076	2024-07-08		PRJNA1124613	SAMN41862840
Mycoplasmoides genitalium G37		strain: G-37	243273	ASM2732v1	GCF_000027325.1	RefSeq	GCF_000027325.1-RS_2024_12_13	Complete Genome	580076	580076	2006-01-09	566	PRJNA97	SAMN02603983
Mycoplasmoides genitalium G37		strain: G-37	243273	ASM16759v1	GCF_000167595.1	RefSeq	GCF_000167595.1-RS_2025_02_25	Contig	39288	560035	2005-06-01	589	PRJNA13924	SAMN02363424
Mycoplasmoides genitalium M2321		strain: M2321	663918	ASM29240v1	GCF_000292405.1	RefSeq	GCF_000292405.1-RS_2025_02_16	Complete Genome	579977	579977	2012-08-21	576	PRJNA39739	SAMN02603571
Mycoplasmoides genitalium M6282		strain: M6282	662946	ASM29244v1	GCF_000292445.1	RefSeq	GCF_000292445.1-RS_2025_02_25	Complete Genome	579504	579504	2012-08-21	575	PRJNA39705	SAMN02603573
Mycoplasmoides genitalium M6320		strain: M6320	662945	ASM29248v1	GCF_000292485.1	RefSeq	GCF_000292485.1-RS_2025_02_25	Complete Genome	579796	579796	2012-08-21	573	PRJNA39703	SAMN02603572
Mycoplasmoides genitalium M2288		strain: M2288	662947	ASM29250v1	GCF_000292505.1	RefSeq	GCF_000292505.1-RS_2025_02_27	Complete Genome	579558	579558	2012-08-21	574	PRJNA39707	SAMN02603574
Mycoplasmoides genitalium		strain: G37	2097	ASM3668967v1	GCF_036689675.1	RefSeq	GCF_036689675.1-RS_2025_02_18	Contig	358733	578989	2024-02-18	570	PRJNA1073883	SAMN39842856
Mycoplasmoides genitalium		strain: 85276	2097	ASM3668969v1	GCF_036689695.1	RefSeq	GCF_036689695.1-RS_2025_02_18	Contig	320079	579483	2024-02-18	572	PRJNA1073883	SAMN39844796
Mycoplasmoides genitalium		strain: 84535	2097	ASM3668974v1	GCF_036689745.1	RefSeq	GCF_036689745.1-RS_2025_02_18	Contig	366385	573037	2024-02-18	573	PRJNA1073883	SAMN39844795
Mycoplasmoides genitalium		strain: G37	2097	ASM4055692v1	GCF_040556925.1	RefSeq	GCF_040556925.1-RS_2025_03_31	Complete Genome	580076	580076	2024-07-10	566	PRJNA1124613	SAMN41862840
