Organism Scientific Name	Organism Common Name	Organism Qualifier	Taxonomy id	Assembly Name	Assembly Accession	Source	Annotation	Level	Contig N50	Size	Submission Date	Gene Count	BioProject	BioSample
Brucella melitensis		strain: VPH-20-02	29459	ASM3645496v1	GCA_036454965.1	GenBank	NCBI Prokaryotic Genome Annotation Pipeline (PGAP)	Contig	293099	3282599	2024-02-08	3217	PRJNA1064549	SAMN39433625
Brucella melitensis		strain: VPH-20-01	29459	ASM3645497v1	GCA_036454975.1	GenBank	NCBI Prokaryotic Genome Annotation Pipeline (PGAP)	Contig	293091	3282551	2024-02-08	3222	PRJNA1064549	SAMN39433624
Brucella melitensis		strain: VPH-20-03	29459	ASM3645498v1	GCA_036454985.1	GenBank	NCBI Prokaryotic Genome Annotation Pipeline (PGAP)	Contig	193986	3281385	2024-02-08	3226	PRJNA1064549	SAMN39433626
Brucella melitensis		strain: VPH-19-07	29459	ASM3645499v1	GCA_036454995.1	GenBank	NCBI Prokaryotic Genome Annotation Pipeline (PGAP)	Contig	293115	3282638	2024-02-08	3222	PRJNA1064549	SAMN39433623
Brucella melitensis		strain: VPH-19-06	29459	ASM3645500v1	GCA_036455005.1	GenBank	NCBI Prokaryotic Genome Annotation Pipeline (PGAP)	Contig	293148	3281480	2024-02-08	3221	PRJNA1064549	SAMN39433622
Brucella melitensis		strain: VPH-19-05	29459	ASM3645506v1	GCA_036455065.1	GenBank	NCBI Prokaryotic Genome Annotation Pipeline (PGAP)	Contig	293091	3282575	2024-02-08	3222	PRJNA1064549	SAMN39433561
Brucella melitensis		strain: VPH-19-03	29459	ASM3645507v1	GCA_036455075.1	GenBank	NCBI Prokaryotic Genome Annotation Pipeline (PGAP)	Contig	249285	3095737	2024-02-08	3048	PRJNA1064549	SAMN39433652
Brucella melitensis		strain: VPH-19-04	29459	ASM3645508v1	GCA_036455085.1	GenBank	NCBI Prokaryotic Genome Annotation Pipeline (PGAP)	Contig	293077	3280271	2024-02-08	3221	PRJNA1064549	SAMN39433560
Brucella melitensis		strain: VPH-19-01	29459	ASM3645509v1	GCA_036455095.1	GenBank	NCBI Prokaryotic Genome Annotation Pipeline (PGAP)	Contig	276315	3282531	2024-02-08	3218	PRJNA1064549	SAMN39429438
Brucella melitensis		strain: VPH-19-02	29459	ASM3645510v1	GCA_036455105.1	GenBank	NCBI Prokaryotic Genome Annotation Pipeline (PGAP)	Contig	293115	3282579	2024-02-08	3223	PRJNA1064549	SAMN39433503
Brucella melitensis		strain: VPH-20-02	29459	ASM3645496v1	GCF_036454965.1	RefSeq	GCF_036454965.1-RS_2025_02_08	Contig	293099	3282599	2024-02-08	3221	PRJNA1064549	SAMN39433625
Brucella melitensis		strain: VPH-20-01	29459	ASM3645497v1	GCF_036454975.1	RefSeq	GCF_036454975.1-RS_2025_02_08	Contig	293091	3282551	2024-02-08	3220	PRJNA1064549	SAMN39433624
Brucella melitensis		strain: VPH-20-03	29459	ASM3645498v1	GCF_036454985.1	RefSeq	GCF_036454985.1-RS_2025_02_08	Contig	193986	3281385	2024-02-08	3226	PRJNA1064549	SAMN39433626
Brucella melitensis		strain: VPH-19-07	29459	ASM3645499v1	GCF_036454995.1	RefSeq	GCF_036454995.1-RS_2025_02_08	Contig	293115	3282638	2024-02-08	3222	PRJNA1064549	SAMN39433623
Brucella melitensis		strain: VPH-19-06	29459	ASM3645500v1	GCF_036455005.1	RefSeq	GCF_036455005.1-RS_2025_02_08	Contig	293148	3281480	2024-02-08	3219	PRJNA1064549	SAMN39433622
Brucella melitensis		strain: VPH-19-05	29459	ASM3645506v1	GCF_036455065.1	RefSeq	GCF_036455065.1-RS_2025_02_08	Contig	293091	3282575	2024-02-08	3223	PRJNA1064549	SAMN39433561
Brucella melitensis		strain: VPH-19-03	29459	ASM3645507v1	GCF_036455075.1	RefSeq	GCF_036455075.1-RS_2025_02_08	Contig	249285	3095737	2024-02-08	3049	PRJNA1064549	SAMN39433652
Brucella melitensis		strain: VPH-19-04	29459	ASM3645508v1	GCF_036455085.1	RefSeq	GCF_036455085.1-RS_2025_02_08	Contig	293077	3280271	2024-02-08	3225	PRJNA1064549	SAMN39433560
Brucella melitensis		strain: VPH-19-01	29459	ASM3645509v1	GCF_036455095.1	RefSeq	GCF_036455095.1-RS_2025_02_08	Contig	276315	3282531	2024-02-08	3223	PRJNA1064549	SAMN39429438
Brucella melitensis		strain: VPH-19-02	29459	ASM3645510v1	GCF_036455105.1	RefSeq	GCF_036455105.1-RS_2025_02_08	Contig	293115	3282579	2024-02-08	3223	PRJNA1064549	SAMN39433503
