{
"apiVersion": "V2",
"assemblies": [
{
  "files": [
    {
      "filePath": "data_summary.tsv",
      "fileType": "DATA_TABLE",
      "uncompressedLengthBytes": "3939"
    },
    {
      "filePath": "assembly_data_report.jsonl",
      "fileType": "DATA_REPORT",
      "uncompressedLengthBytes": "77898"
    }
  ]
},{
  "accession": "GCA_036454965.1",
  "files": [
    {
      "filePath": "GCA_036454965.1/GCA_036454965.1_ASM3645496v1_genomic.fna",
      "fileType": "GENOMIC_NUCLEOTIDE_FASTA",
      "uncompressedLengthBytes": "3326180"
    }
  ]
},{
  "accession": "GCA_036454975.1",
  "files": [
    {
      "filePath": "GCA_036454975.1/GCA_036454975.1_ASM3645497v1_genomic.fna",
      "fileType": "GENOMIC_NUCLEOTIDE_FASTA",
      "uncompressedLengthBytes": "3326131"
    }
  ]
},{
  "accession": "GCA_036454985.1",
  "files": [
    {
      "filePath": "GCA_036454985.1/GCA_036454985.1_ASM3645498v1_genomic.fna",
      "fileType": "GENOMIC_NUCLEOTIDE_FASTA",
      "uncompressedLengthBytes": "3325907"
    }
  ]
},{
  "accession": "GCA_036454995.1",
  "files": [
    {
      "filePath": "GCA_036454995.1/GCA_036454995.1_ASM3645499v1_genomic.fna",
      "fileType": "GENOMIC_NUCLEOTIDE_FASTA",
      "uncompressedLengthBytes": "3326219"
    }
  ]
},{
  "accession": "GCA_036455005.1",
  "files": [
    {
      "filePath": "GCA_036455005.1/GCA_036455005.1_ASM3645500v1_genomic.fna",
      "fileType": "GENOMIC_NUCLEOTIDE_FASTA",
      "uncompressedLengthBytes": "3325154"
    }
  ]
},{
  "accession": "GCA_036455065.1",
  "files": [
    {
      "filePath": "GCA_036455065.1/GCA_036455065.1_ASM3645506v1_genomic.fna",
      "fileType": "GENOMIC_NUCLEOTIDE_FASTA",
      "uncompressedLengthBytes": "3326156"
    }
  ]
},{
  "accession": "GCA_036455075.1",
  "files": [
    {
      "filePath": "GCA_036455075.1/GCA_036455075.1_ASM3645507v1_genomic.fna",
      "fileType": "GENOMIC_NUCLEOTIDE_FASTA",
      "uncompressedLengthBytes": "3137089"
    }
  ]
},{
  "accession": "GCA_036455085.1",
  "files": [
    {
      "filePath": "GCA_036455085.1/GCA_036455085.1_ASM3645508v1_genomic.fna",
      "fileType": "GENOMIC_NUCLEOTIDE_FASTA",
      "uncompressedLengthBytes": "3324144"
    }
  ]
},{
  "accession": "GCA_036455095.1",
  "files": [
    {
      "filePath": "GCA_036455095.1/GCA_036455095.1_ASM3645509v1_genomic.fna",
      "fileType": "GENOMIC_NUCLEOTIDE_FASTA",
      "uncompressedLengthBytes": "3326217"
    }
  ]
},{
  "accession": "GCA_036455105.1",
  "files": [
    {
      "filePath": "GCA_036455105.1/GCA_036455105.1_ASM3645510v1_genomic.fna",
      "fileType": "GENOMIC_NUCLEOTIDE_FASTA",
      "uncompressedLengthBytes": "3326159"
    }
  ]
},{
  "accession": "GCF_036454965.1",
  "files": [
    {
      "filePath": "GCF_036454965.1/GCF_036454965.1_ASM3645496v1_genomic.fna",
      "fileType": "GENOMIC_NUCLEOTIDE_FASTA",
      "uncompressedLengthBytes": "3326252"
    }
  ]
},{
  "accession": "GCF_036454975.1",
  "files": [
    {
      "filePath": "GCF_036454975.1/GCF_036454975.1_ASM3645497v1_genomic.fna",
      "fileType": "GENOMIC_NUCLEOTIDE_FASTA",
      "uncompressedLengthBytes": "3326203"
    }
  ]
},{
  "accession": "GCF_036454985.1",
  "files": [
    {
      "filePath": "GCF_036454985.1/GCF_036454985.1_ASM3645498v1_genomic.fna",
      "fileType": "GENOMIC_NUCLEOTIDE_FASTA",
      "uncompressedLengthBytes": "3326006"
    }
  ]
},{
  "accession": "GCF_036454995.1",
  "files": [
    {
      "filePath": "GCF_036454995.1/GCF_036454995.1_ASM3645499v1_genomic.fna",
      "fileType": "GENOMIC_NUCLEOTIDE_FASTA",
      "uncompressedLengthBytes": "3326291"
    }
  ]
},{
  "accession": "GCF_036455005.1",
  "files": [
    {
      "filePath": "GCF_036455005.1/GCF_036455005.1_ASM3645500v1_genomic.fna",
      "fileType": "GENOMIC_NUCLEOTIDE_FASTA",
      "uncompressedLengthBytes": "3325229"
    }
  ]
},{
  "accession": "GCF_036455065.1",
  "files": [
    {
      "filePath": "GCF_036455065.1/GCF_036455065.1_ASM3645506v1_genomic.fna",
      "fileType": "GENOMIC_NUCLEOTIDE_FASTA",
      "uncompressedLengthBytes": "3326228"
    }
  ]
},{
  "accession": "GCF_036455075.1",
  "files": [
    {
      "filePath": "GCF_036455075.1/GCF_036455075.1_ASM3645507v1_genomic.fna",
      "fileType": "GENOMIC_NUCLEOTIDE_FASTA",
      "uncompressedLengthBytes": "3137164"
    }
  ]
},{
  "accession": "GCF_036455085.1",
  "files": [
    {
      "filePath": "GCF_036455085.1/GCF_036455085.1_ASM3645508v1_genomic.fna",
      "fileType": "GENOMIC_NUCLEOTIDE_FASTA",
      "uncompressedLengthBytes": "3324225"
    }
  ]
},{
  "accession": "GCF_036455095.1",
  "files": [
    {
      "filePath": "GCF_036455095.1/GCF_036455095.1_ASM3645509v1_genomic.fna",
      "fileType": "GENOMIC_NUCLEOTIDE_FASTA",
      "uncompressedLengthBytes": "3326292"
    }
  ]
},{
  "accession": "GCF_036455105.1",
  "files": [
    {
      "filePath": "GCF_036455105.1/GCF_036455105.1_ASM3645510v1_genomic.fna",
      "fileType": "GENOMIC_NUCLEOTIDE_FASTA",
      "uncompressedLengthBytes": "3326231"
    }
  ]
}]}
