Organism Scientific Name	Organism Common Name	Organism Qualifier	Taxonomy id	Assembly Name	Assembly Accession	Source	Annotation	Level	Contig N50	Size	Submission Date	Gene Count	BioProject	BioSample
Streptococcus pneumoniae		strain: ZY36	1313	ASM1939798v1	GCA_019397985.1	GenBank	NCBI Prokaryotic Genome Annotation Pipeline (PGAP)	Contig	114627	2080671	2021-07-29	2137	PRJNA681770	SAMN16967778
Streptococcus pneumoniae		strain: ZY35	1313	ASM1939802v1	GCA_019398025.1	GenBank	NCBI Prokaryotic Genome Annotation Pipeline (PGAP)	Contig	57384	2076655	2021-07-29	2156	PRJNA681770	SAMN16967777
Streptococcus pneumoniae		strain: ZY34	1313	ASM1939804v1	GCA_019398045.1	GenBank	NCBI Prokaryotic Genome Annotation Pipeline (PGAP)	Contig	155323	2062697	2021-07-29	2131	PRJNA681770	SAMN16967776
Streptococcus pneumoniae		strain: ZY33	1313	ASM1939806v1	GCA_019398065.1	GenBank	NCBI Prokaryotic Genome Annotation Pipeline (PGAP)	Contig	76730	2035591	2021-07-29	2098	PRJNA681770	SAMN16967775
Streptococcus pneumoniae		strain: ZY32	1313	ASM1939808v1	GCA_019398085.1	GenBank	NCBI Prokaryotic Genome Annotation Pipeline (PGAP)	Contig	66245	2042417	2021-07-29	2116	PRJNA681770	SAMN16967774
Streptococcus pneumoniae		strain: ZY31	1313	ASM1939810v1	GCA_019398105.1	GenBank	NCBI Prokaryotic Genome Annotation Pipeline (PGAP)	Contig	87342	2039393	2021-07-29	2102	PRJNA681770	SAMN16967773
Streptococcus pneumoniae		strain: ZY30	1313	ASM1939812v1	GCA_019398125.1	GenBank	NCBI Prokaryotic Genome Annotation Pipeline (PGAP)	Contig	111018	2098226	2021-07-29	2142	PRJNA681770	SAMN16967772
Streptococcus pneumoniae		strain: ZY28	1313	ASM1939814v1	GCA_019398145.1	GenBank	NCBI Prokaryotic Genome Annotation Pipeline (PGAP)	Contig	66252	2039806	2021-07-29	2095	PRJNA681770	SAMN16967770
Streptococcus pneumoniae		strain: ZY29	1313	ASM1939816v1	GCA_019398165.1	GenBank	NCBI Prokaryotic Genome Annotation Pipeline (PGAP)	Contig	68120	2041162	2021-07-29	2103	PRJNA681770	SAMN16967771
Streptococcus pneumoniae		strain: ZY27	1313	ASM1939818v1	GCA_019398185.1	GenBank	NCBI Prokaryotic Genome Annotation Pipeline (PGAP)	Contig	65324	2040726	2021-07-29	2104	PRJNA681770	SAMN16967769
Streptococcus pneumoniae		strain: ZY36	1313	ASM1939798v1	GCF_019397985.1	RefSeq	GCF_019397985.1-RS_2024_09_01	Contig	114627	2080671	2021-07-29	2156	PRJNA681770	SAMN16967778
Streptococcus pneumoniae		strain: ZY35	1313	ASM1939802v1	GCF_019398025.1	RefSeq	GCF_019398025.1-RS_2024_09_01	Contig	57384	2076655	2021-07-29	2193	PRJNA681770	SAMN16967777
Streptococcus pneumoniae		strain: ZY34	1313	ASM1939804v1	GCF_019398045.1	RefSeq	GCF_019398045.1-RS_2024_09_01	Contig	155323	2062697	2021-07-29	2159	PRJNA681770	SAMN16967776
Streptococcus pneumoniae		strain: ZY33	1313	ASM1939806v1	GCF_019398065.1	RefSeq	GCF_019398065.1-RS_2024_09_01	Contig	76730	2035591	2021-07-29	2126	PRJNA681770	SAMN16967775
Streptococcus pneumoniae		strain: ZY32	1313	ASM1939808v1	GCF_019398085.1	RefSeq	GCF_019398085.1-RS_2024_09_01	Contig	66245	2042417	2021-07-29	2141	PRJNA681770	SAMN16967774
Streptococcus pneumoniae		strain: ZY31	1313	ASM1939810v1	GCF_019398105.1	RefSeq	GCF_019398105.1-RS_2024_09_01	Contig	87342	2039393	2021-07-29	2133	PRJNA681770	SAMN16967773
Streptococcus pneumoniae		strain: ZY30	1313	ASM1939812v1	GCF_019398125.1	RefSeq	GCF_019398125.1-RS_2024_09_01	Contig	111018	2098226	2021-07-29	2182	PRJNA681770	SAMN16967772
Streptococcus pneumoniae		strain: ZY28	1313	ASM1939814v1	GCF_019398145.1	RefSeq	GCF_019398145.1-RS_2024_09_01	Contig	66252	2039806	2021-07-29	2127	PRJNA681770	SAMN16967770
Streptococcus pneumoniae		strain: ZY29	1313	ASM1939816v1	GCF_019398165.1	RefSeq	GCF_019398165.1-RS_2024_09_01	Contig	68120	2041162	2021-07-29	2131	PRJNA681770	SAMN16967771
Streptococcus pneumoniae		strain: ZY27	1313	ASM1939818v1	GCF_019398185.1	RefSeq	GCF_019398185.1-RS_2024_09_01	Contig	65324	2040726	2021-07-29	2140	PRJNA681770	SAMN16967769
