{
"apiVersion": "V2",
"assemblies": [
{
  "files": [
    {
      "filePath": "data_summary.tsv",
      "fileType": "DATA_TABLE",
      "uncompressedLengthBytes": "3885"
    },
    {
      "filePath": "assembly_data_report.jsonl",
      "fileType": "DATA_REPORT",
      "uncompressedLengthBytes": "78514"
    }
  ]
},{
  "accession": "GCA_019397985.1",
  "files": [
    {
      "filePath": "GCA_019397985.1/GCA_019397985.1_ASM1939798v1_genomic.fna",
      "fileType": "GENOMIC_NUCLEOTIDE_FASTA",
      "uncompressedLengthBytes": "2114769"
    }
  ]
},{
  "accession": "GCA_019398025.1",
  "files": [
    {
      "filePath": "GCA_019398025.1/GCA_019398025.1_ASM1939802v1_genomic.fna",
      "fileType": "GENOMIC_NUCLEOTIDE_FASTA",
      "uncompressedLengthBytes": "2113271"
    }
  ]
},{
  "accession": "GCA_019398045.1",
  "files": [
    {
      "filePath": "GCA_019398045.1/GCA_019398045.1_ASM1939804v1_genomic.fna",
      "fileType": "GENOMIC_NUCLEOTIDE_FASTA",
      "uncompressedLengthBytes": "2093502"
    }
  ]
},{
  "accession": "GCA_019398065.1",
  "files": [
    {
      "filePath": "GCA_019398065.1/GCA_019398065.1_ASM1939806v1_genomic.fna",
      "fileType": "GENOMIC_NUCLEOTIDE_FASTA",
      "uncompressedLengthBytes": "2068886"
    }
  ]
},{
  "accession": "GCA_019398085.1",
  "files": [
    {
      "filePath": "GCA_019398085.1/GCA_019398085.1_ASM1939808v1_genomic.fna",
      "fileType": "GENOMIC_NUCLEOTIDE_FASTA",
      "uncompressedLengthBytes": "2077380"
    }
  ]
},{
  "accession": "GCA_019398105.1",
  "files": [
    {
      "filePath": "GCA_019398105.1/GCA_019398105.1_ASM1939810v1_genomic.fna",
      "fileType": "GENOMIC_NUCLEOTIDE_FASTA",
      "uncompressedLengthBytes": "2072972"
    }
  ]
},{
  "accession": "GCA_019398125.1",
  "files": [
    {
      "filePath": "GCA_019398125.1/GCA_019398125.1_ASM1939812v1_genomic.fna",
      "fileType": "GENOMIC_NUCLEOTIDE_FASTA",
      "uncompressedLengthBytes": "2131319"
    }
  ]
},{
  "accession": "GCA_019398145.1",
  "files": [
    {
      "filePath": "GCA_019398145.1/GCA_019398145.1_ASM1939814v1_genomic.fna",
      "fileType": "GENOMIC_NUCLEOTIDE_FASTA",
      "uncompressedLengthBytes": "2074134"
    }
  ]
},{
  "accession": "GCA_019398165.1",
  "files": [
    {
      "filePath": "GCA_019398165.1/GCA_019398165.1_ASM1939816v1_genomic.fna",
      "fileType": "GENOMIC_NUCLEOTIDE_FASTA",
      "uncompressedLengthBytes": "2075012"
    }
  ]
},{
  "accession": "GCA_019398185.1",
  "files": [
    {
      "filePath": "GCA_019398185.1/GCA_019398185.1_ASM1939818v1_genomic.fna",
      "fileType": "GENOMIC_NUCLEOTIDE_FASTA",
      "uncompressedLengthBytes": "2075182"
    }
  ]
},{
  "accession": "GCF_019397985.1",
  "files": [
    {
      "filePath": "GCF_019397985.1/GCF_019397985.1_ASM1939798v1_genomic.fna",
      "fileType": "GENOMIC_NUCLEOTIDE_FASTA",
      "uncompressedLengthBytes": "2114967"
    }
  ]
},{
  "accession": "GCF_019398025.1",
  "files": [
    {
      "filePath": "GCF_019398025.1/GCF_019398025.1_ASM1939802v1_genomic.fna",
      "fileType": "GENOMIC_NUCLEOTIDE_FASTA",
      "uncompressedLengthBytes": "2113532"
    }
  ]
},{
  "accession": "GCF_019398045.1",
  "files": [
    {
      "filePath": "GCF_019398045.1/GCF_019398045.1_ASM1939804v1_genomic.fna",
      "fileType": "GENOMIC_NUCLEOTIDE_FASTA",
      "uncompressedLengthBytes": "2093625"
    }
  ]
},{
  "accession": "GCF_019398065.1",
  "files": [
    {
      "filePath": "GCF_019398065.1/GCF_019398065.1_ASM1939806v1_genomic.fna",
      "fileType": "GENOMIC_NUCLEOTIDE_FASTA",
      "uncompressedLengthBytes": "2069078"
    }
  ]
},{
  "accession": "GCF_019398085.1",
  "files": [
    {
      "filePath": "GCF_019398085.1/GCF_019398085.1_ASM1939808v1_genomic.fna",
      "fileType": "GENOMIC_NUCLEOTIDE_FASTA",
      "uncompressedLengthBytes": "2077611"
    }
  ]
},{
  "accession": "GCF_019398105.1",
  "files": [
    {
      "filePath": "GCF_019398105.1/GCF_019398105.1_ASM1939810v1_genomic.fna",
      "fileType": "GENOMIC_NUCLEOTIDE_FASTA",
      "uncompressedLengthBytes": "2073170"
    }
  ]
},{
  "accession": "GCF_019398125.1",
  "files": [
    {
      "filePath": "GCF_019398125.1/GCF_019398125.1_ASM1939812v1_genomic.fna",
      "fileType": "GENOMIC_NUCLEOTIDE_FASTA",
      "uncompressedLengthBytes": "2131487"
    }
  ]
},{
  "accession": "GCF_019398145.1",
  "files": [
    {
      "filePath": "GCF_019398145.1/GCF_019398145.1_ASM1939814v1_genomic.fna",
      "fileType": "GENOMIC_NUCLEOTIDE_FASTA",
      "uncompressedLengthBytes": "2074350"
    }
  ]
},{
  "accession": "GCF_019398165.1",
  "files": [
    {
      "filePath": "GCF_019398165.1/GCF_019398165.1_ASM1939816v1_genomic.fna",
      "fileType": "GENOMIC_NUCLEOTIDE_FASTA",
      "uncompressedLengthBytes": "2075216"
    }
  ]
},{
  "accession": "GCF_019398185.1",
  "files": [
    {
      "filePath": "GCF_019398185.1/GCF_019398185.1_ASM1939818v1_genomic.fna",
      "fileType": "GENOMIC_NUCLEOTIDE_FASTA",
      "uncompressedLengthBytes": "2075401"
    }
  ]
}]}
